orf,gene,seq.len,left.bound,right.bound,region.seq,region.len,charge.asymmetry,frac.charge,kappa1,kappa2,uni_id,orf_label
YDL148C,NOP14,811,19,74,GQTNVKSKNKKNSKRQAKEYDREEKKKAIAEIREEFNPFEIKAARNKRRDGLPSKT,56,0.0535714285714285,0.4821428571428571,0.0861063709933107,0.2178288671699469,Q99207,verified
YDL148C,NOP14,811,85,144,ISKQIGEEQRKRAFEARKMMKNKRGGVIDKRFGERDKLLTEEEKMLERFTRERQSQSKRN,60,0.0355555555555555,0.5,0.0578025363437928,0.1331895457560858,Q99207,verified
YDL148C,NOP14,811,169,217,QSLSLEDELANDEEDFLASKRFNEDDAELQQPQRKKTKAEVMKEVIAKS,49,0.0242954324586977,0.4285714285714285,0.1748533668681295,0.4936932546490447,Q99207,verified
YDL148C,NOP14,811,254,352,PKKNPMEPKTDLDKEYDIKVKELQLDKRAAPSDRTKTEEEKNAEAEEKKRELEQQRLDRMNGMIELEEGEERGVEDLDDGFWENEEDYEDDNDGIADSD,99,0.0688012197446159,0.5353535353535354,0.0874932999393984,0.1940198169393966,Q99207,verified
YDL148C,NOP14,811,711,779,THAPKYEENFNPDKKSYDPDRTRSEINKMKAQLKKERKFTMKEIRKDAKFEARQRIEEKNKESSDYHAK,69,0.0153452685421994,0.4927536231884058,0.0329824173129263,0.0731652811777638,Q99207,verified
